location_id,lat,lng,monthly_revenue,district_id,district_name,traces_500m,traces_2000m,devices_500m,devices_2000m,active_days_500m,active_days_2000m,traces_per_device_500m,traces_per_day_500m,traces_per_device_2000m,traces_per_day_2000m,buildings_count_1000m,total_building_area_1000m,residential_area_1000m,commercial_area_1000m,industrial_area_1000m,public_area_1000m,residential_count_1000m,commercial_count_1000m,residential_area_share_1000m,commercial_area_share_1000m,industrial_area_share_1000m,public_area_share_1000m,building_floor_ratio_1000m,buildings_density_per_km2_1000m,buildings_count_3000m,total_building_area_3000m,residential_area_3000m,commercial_area_3000m,industrial_area_3000m,public_area_3000m,residential_count_3000m,commercial_count_3000m,residential_area_share_3000m,commercial_area_share_3000m,industrial_area_share_3000m,public_area_share_3000m,building_floor_ratio_3000m,buildings_density_per_km2_3000m,population_total_1000m,households_count_1000m,avg_household_size_1000m,female_share_1000m,population_per_km2_1000m,households_per_km2_1000m,population_total_3000m,households_count_3000m,avg_household_size_3000m,female_share_3000m,population_per_km2_3000m,households_per_km2_3000m,poi_total_500m,restaurant_count_500m,bank_count_500m,school_count_500m,pharmacy_count_500m,hospital_count_500m,mall_count_500m,park_count_500m,poi_total_2000m,restaurant_count_2000m,bank_count_2000m,school_count_2000m,pharmacy_count_2000m,hospital_count_2000m,mall_count_2000m,park_count_2000m,poi_decay_total,restaurant_decay,bank_decay,school_decay,pharmacy_decay,hospital_decay,mall_decay,park_decay,dist_nearest_competitor,dist_nearest_discount,dist_nearest_zabka,dist_nearest_convenience,log_dist_nearest_competitor,log_dist_nearest_discount,log_dist_nearest_zabka,log_dist_nearest_convenience,convenience_count_1000m,convenience_count_2000m,zabka_count_1000m,zabka_count_2000m,discount_count_3000m,competitors_total_2000m,competitors_total_3000m,brand_diversity_2000m,comp_decay_total,comp_decay_zabka,comp_decay_discount
LOC_001,50.226272,19.072973,245633.74,2401.0,Katowice,17537,60503,275,912,17,37,63.77090909090909,1031.5882352941176,66.34100877192982,1635.2162162162163,1024,173265.54,101027.75,21982.69,4612.96,21336.13,632,85,0.5830804555828007,0.12687283345551573,0.02662364368587083,0.12314122011797614,0.05515213431697304,325.94932345220167,3581,726580.73,333984.1,73692.27,146591.24,55520.33,2043,200,0.4596655075066469,0.10142337521117578,0.20175492405365608,0.07641316058574799,0.025697536607737284,126.65196693601716,12398.0,5110.0,2.4223679060665364,0.527746410711405,3946.405968906637,1626.5635183991703,24182.0,9896.0,2.4427142279708973,0.526879497146638,855.263296410714,349.9994037416436,0.0,0.0,0.0,0.0,0.0,0.0,0.0,0.0,1.0,0.0,0.0,0.0,0.0,0.0,0.0,0.0,0.05276014878450647,0.0,0.0,0.0,0.0,0.0,0.0,0.015451016959149832,262.8876708474775,13197.514942437021,262.8876708474775,262.8876708474775,5.575523523385995,9.48785959788454,5.575523523385995,5.575523523385995,1.0,1.0,1.0,1.0,0.0,1.0,1.0,1.0,0.8223273433805655,0.8223273433805655,0.0
LOC_002,50.299999,18.674625,333393.33,2403.0,Gliwice,27611,326556,654,3216,40,88,42.218654434250766,690.275,101.5410447761194,3710.8636363636365,2089,664850.58,251452.97,172211.82,95035.01,82702.38,1090,298,0.37820974751951036,0.2590233432600751,0.14294190733803677,0.12439243115347814,0.21162851244902722,664.9493522379387,13692,3135738.27,1432368.64,569046.93,490274.81,295860.58,8368,1061,0.45678832755388094,0.18147143702781038,0.15635067973960723,0.09435117172582137,0.11090405464731742,484.25544018094024,15762.0,7250.0,2.1736275862068966,0.5271539144778581,5017.200426028909,2307.7466748324823,96544.0,42609.0,2.265737285550001,0.5324100928074246,3414.545516858654,1506.9851044894597,1.0,0.0,0.0,1.0,0.0,0.0,0.0,0.0,14.0,4.0,0.0,6.0,2.0,1.0,0.0,1.0,1.75666505791932,0.5191361768506995,0.0,0.7195563310358128,0.3629643846624395,0.052901590622442166,0.0,0.0882615388105113,2568.288537620284,4617.019710976475,2568.288537620284,2568.288537620284,7.851384305952983,8.437721258198202,7.851384305952983,7.851384305952983,0.0,0.0,0.0,0.0,0.0,0.0,1.0,0.0,0.08650488928654002,0.0767302747637616,0.009774614522778422
LOC_003,50.042894,19.968676,296109.69,2404.0,Kraków,6312,161913,341,2954,17,66,18.51026392961877,371.29411764705884,54.81144211238998,2453.2272727272725,1548,508893.55,183018.88,159084.93,113064.77,24179.07,648,282,0.35964079324644616,0.31260944454886486,0.22217764402791115,0.04751302114165133,0.1619858479801652,492.743703812508,13039,4064735.32,1905066.78,975342.66,587465.63,321454.62,7242,1703,0.4686816311572287,0.23995231748570534,0.1445274006180555,0.07908377660368794,0.14376060411960379,461.16028955004964,7194.0,2866.0,2.5087927424982555,0.5157075340561579,2289.92132120619,912.2761338027441,93568.0,36416.0,2.569793497363796,0.5310255642954856,3309.2910478272142,1287.9525350298802,1.0,0.0,0.0,0.0,0.0,0.0,1.0,0.0,7.0,4.0,1.0,0.0,0.0,0.0,1.0,0.0,1.319462121125786,0.15500610566183362,0.04374985666982917,0.02472947016402098,0.009459659837884092,0.005268871757635348,0.7021439108516794,0.0286435887340468,619.3761269879723,6111.190073690898,619.3761269879723,619.3761269879723,6.430325950529727,8.718040428807,6.430325950529727,6.430325950529727,1.0,2.0,1.0,2.0,0.0,3.0,6.0,2.0,1.6098251856804229,1.0707564331968553,0.0
LOC_004,50.130954,19.607709,197099.19,2408.0,Olkusz,923,11721,29,307,10,26,31.82758620689655,92.3,38.17915309446254,450.8076923076923,828,112333.53,65234.76,8062.070000000001,21211.219999999998,849.37,548,22,0.5807238497713016,0.07176904349039864,0.18882358633259363,0.00756114403241846,0.03575687314892344,263.5605857601787,5869,828990.1,456961.75,68626.48,72771.2,29606.77,3767,225,0.5512270291285747,0.08278323227261701,0.08778295422345815,0.03571426245017884,0.029319527153165475,207.57341355696306,1554.0,414.0,3.753864734299517,0.5096525096525096,494.65356312961075,131.78029288008935,13911.0,4158.0,3.3458152958152962,0.5272086837754295,492.0009807447458,147.0591674169113,0.0,0.0,0.0,0.0,0.0,0.0,0.0,0.0,0.0,0.0,0.0,0.0,0.0,0.0,0.0,0.0,0.016845289374664167,0.0,0.0,0.0,0.0,0.0,0.0,0.016845289374664167,9136.571171347827,15587.35250520379,9136.571171347827,9136.571171347827,9.120149892957695,9.654279280085627,9.120149892957695,9.120149892957695,0.0,0.0,0.0,0.0,0.0,0.0,0.0,0.0,0.0,0.0,0.0
LOC_005,50.351594,18.894944,292786.56,2412.0,Bytom,29446,253366,408,2665,22,55,72.17156862745098,1338.4545454545455,95.07166979362101,4606.654545454546,1050,283515.86,114286.53,35388.69,43024.33,27147.41,527,95,0.4031045388430827,0.12482084776491871,0.15175281552150205,0.0957527032173791,0.09024590112789953,334.2253804929802,8453,2070406.47,983286.89,268663.45,333429.52,167603.46,4378,727,0.4749245639673837,0.1297636255937705,0.16104543954598444,0.0809519591580488,0.07322564975776487,298.9637186568425,11571.0,5473.0,2.1167367074730494,0.535908737360643,3683.163693032642,1742.1100070838863,75693.0,34933.0,2.166856553974752,0.5292695493638778,2677.092246101074,1235.5021393398179,0.0,0.0,0.0,0.0,0.0,0.0,0.0,0.0,4.0,0.0,0.0,1.0,0.0,1.0,0.0,0.0,0.24293954986951946,0.0,0.01662147265570889,0.020022754074840568,0.0,0.11494644674272589,0.0,0.01736482754038233,1211.760759472077,9105.770413495879,1951.859134806137,1951.859134806137,7.100654659048104,9.116773417356102,7.5770498006799345,7.5770498006799345,0.0,1.0,0.0,1.0,0.0,2.0,2.0,2.0,0.4398081355081596,0.1420439089721517,0.0
LOC_006,50.016769,20.01029,174307.46,2415.0,powiat wielicki,23081,133062,306,1879,24,58,75.4281045751634,961.7083333333334,70.81532730175626,2294.1724137931033,1108,348537.69,198756.31,55748.21,5051.66,56153.73,698,103,0.5702577244945877,0.15994887095280858,0.01449387008905694,0.16111236061729794,0.11094299243466132,352.6873538916401,10976,2487369.12,1137281.42,300499.56,673452.87,140616.97,6848,686,0.45722261760650945,0.12081019965384147,0.27074906759315237,0.05653240963287347,0.08797268683158618,388.1965900836985,17622.0,5431.0,3.2449640950101273,0.5305300192940643,5609.25681433076,1728.7409918641672,69279.0,23669.0,2.927677552917318,0.5340723740238745,2450.243400547426,837.1196328982379,1.0,0.0,0.0,1.0,0.0,0.0,0.0,0.0,7.0,1.0,0.0,2.0,0.0,2.0,0.0,0.0,1.1862968573002424,0.12195786209719285,0.0,0.42809010344697035,0.0,0.28880202157953994,0.0,0.0,2382.6049021588447,7634.324574472945,2382.6049021588447,2382.6049021588447,7.776369285490462,8.940540728140498,7.776369285490462,7.776369285490462,0.0,0.0,0.0,0.0,0.0,0.0,2.0,0.0,0.17521977413170142,0.15366017322735118,0.0
LOC_007,50.283699,19.017317,526630.01,2401.0,Katowice,17668,188886,232,2477,17,96,76.15517241379311,1039.2941176470588,76.25595478401291,1967.5625,1481,389695.24,144514.31,81171.17,92077.15,16027.93,721,154,0.37083929996168286,0.20829397351633036,0.23627989400127133,0.041129396397040933,0.124043847490765,471.416941438194,11108,3302204.65,1251828.83,789561.22,612890.1799999999,228105.48,5541,1276,0.37908880965327213,0.23910123801685035,0.18560030190739388,0.06907672424239364,0.11679159847745382,392.86513508106077,11920.0,5283.0,2.253019117925421,0.5337248322147651,3794.2538433107848,1681.6311287089661,100698.0,47339.0,2.1267115908658822,0.5381040338437705,3561.4632132150396,1674.2746335616075,0.0,0.0,0.0,0.0,0.0,0.0,0.0,0.0,3.0,1.0,0.0,1.0,0.0,1.0,0.0,0.0,0.3164851634167396,0.04927941908984377,0.010619014934875319,0.028298079321073963,0.0066747961948624805,0.2216138538760841,0.0,0.0,2389.1790088727785,12223.8810341404,2389.1790088727785,2389.1790088727785,7.779123541230708,9.411228582937065,7.779123541230708,7.779123541230708,0.0,0.0,0.0,0.0,0.0,0.0,2.0,0.0,0.2894175172020328,0.2894175172020328,0.0
LOC_008,50.147486,18.840116,156433.13,2405.0,Tychy,11608,31411,215,528,21,34,53.990697674418605,552.7619047619048,59.490530303030305,923.8529411764706,1263,204739.23,117831.43,22312.41,19924.77,14001.66,788,88,0.5755195523593597,0.1089796518234439,0.09731779297987982,0.0683877730711403,0.06517052099865694,402.0253862501276,5363,869911.51,424069.83,69267.54,209119.61000000002,32879.56,3281,256,0.48748616971397474,0.07962596103596789,0.2403918187034909,0.03779644207719472,0.03076682597089661,189.6773244004077,6811.0,2491.0,2.7307105580088322,0.5294376743503156,2168.0086347977985,792.9099264838226,16926.0,5517.0,3.0658872575675185,0.52162353775257,598.6347926163157,195.1239602306637,1.0,0.0,1.0,0.0,0.0,0.0,0.0,0.0,1.0,0.0,1.0,0.0,0.0,0.0,0.0,0.0,0.8430898509378806,0.0,0.8430898509378806,0.0,0.0,0.0,0.0,0.0,3599.225115091717,9551.503820898259,3599.225115091717,3599.225115091717,8.18875165445908,9.164558579310324,8.18875165445908,8.18875165445908,0.0,0.0,0.0,0.0,0.0,0.0,0.0,0.0,0.03565162298735608,0.03565162298735608,0.0
LOC_009,50.303099,18.678924,335019.41,2403.0,Gliwice,35064,283394,604,2981,26,70,58.05298013245033,1348.6153846153845,95.06675612210668,4048.4857142857145,2330,574369.91,258770.38,146015.53,70533.02,42939.15,1367,244,0.45052913722447613,0.2542186271561475,0.12280068780065446,0.07475870384644627,0.18282762067949412,741.6620348082323,13086,2956221.32,1378664.85,519582.95,466062.07,265612.31,8104,984,0.46636049901703575,0.17575915121267038,0.15765466098458422,0.08984858752050405,0.10455494132258839,462.82257451123166,18580.0,8301.0,2.2376822069630165,0.5286329386437029,5914.197685294831,2642.2903652116465,92302.0,40395.0,2.285032801089244,0.5313752681415354,3264.5154571706944,1428.6808724882471,1.0,0.0,0.0,0.0,1.0,0.0,0.0,0.0,13.0,4.0,0.0,4.0,2.0,1.0,0.0,2.0,1.7793023253338318,0.20852024374277206,0.0,0.6857960196632545,0.6860860349836874,0.021195852180481225,0.0,0.16838238902981043,2946.9862181906656,4281.985222840212,2946.9862181906656,2946.9862181906656,7.988877578329054,8.362405527420348,7.988877578329054,7.988877578329054,0.0,0.0,0.0,0.0,0.0,0.0,1.0,0.0,0.06621180825090577,0.05253816606683684,0.013673642184068927
LOC_010,50.347639,18.921651,355288.71,2412.0,Bytom,57905,292864,962,2969,41,64,60.19230769230769,1412.3170731707316,98.64061973728528,4576.0,3239,793770.53,452364.65,98349.37,76868.19,82552.61,1852,257,0.569893480424374,0.12390151345124893,0.09683930946642728,0.10400059825854205,0.2526650070603472,1031.005721349298,8798,2290007.96,974225.67,279138.64,519267.16,173178.65,4309,753,0.42542457800015687,0.12189417891805059,0.2267534301496489,0.07562360176250217,0.08099246367861941,311.16559762722113,27679.0,12822.0,2.1591951333645296,0.5267170056721703,8810.499339681142,4081.369360648564,75756.0,35154.0,2.154793195653411,0.5318390622524949,2679.3204153043607,1243.3184154338865,3.0,0.0,1.0,1.0,0.0,0.0,0.0,1.0,6.0,0.0,1.0,1.0,0.0,1.0,0.0,1.0,3.0227695208383456,0.0,0.8015873165747037,0.7731400787843061,0.015265583067081862,0.15796187745503013,0.0,0.8572971799486704,1850.584596347251,10593.121761688602,2826.933171938518,2826.933171938518,7.523797090018629,9.268054575495908,7.947301395880998,7.947301395880998,0.0,0.0,0.0,0.0,0.0,1.0,2.0,1.0,0.21548749282082086,0.05890978084563954,0.0
LOC_011,50.121043,18.54847,306718.03,2409.0,Rybnik,2575,15730,109,486,15,27,23.623853211009173,171.66666666666666,32.36625514403292,582.5925925925926,944,115579.53,58785.51,28659.87,6921.18,1427.03,509,32,0.5086152366253782,0.24796665984019833,0.05988240305182069,0.012346736485258246,0.03679010703947602,300.4845325574984,5004,766657.6,367321.53,102088.51,161969.8,33262.75,2763,259,0.4791207052535578,0.1331605008546188,0.2112674549890329,0.04338670874716431,0.027114965933104238,176.98029671818762,1844.0,439.0,4.2004555808656034,0.5135574837310195,586.96343012291,139.7380400346841,11604.0,3816.0,3.0408280922431867,0.5262840399862116,410.4075465863008,134.96339174192724,0.0,0.0,0.0,0.0,0.0,0.0,0.0,0.0,1.0,0.0,0.0,0.0,0.0,0.0,0.0,1.0,0.08331539506755355,0.0,0.0,0.0,0.0,0.0,0.0,0.08331539506755355,3390.688758619191,3390.688758619191,7990.0614448101405,7990.0614448101405,8.129083235219268,8.129083235219268,8.986078876596576,8.986078876596576,0.0,0.0,0.0,0.0,0.0,0.0,0.0,0.0,0.03366329155123016,0.0,0.03366329155123016
LOC_012,50.360509,19.049077,257168.85,2402.0,Sosnowiec,1802,15552,95,371,13,23,18.96842105263158,138.6153846153846,41.919137466307276,676.1739130434783,1310,162910.72,87015.66,8607.43,29636.04,4088.92,657,36,0.5341309644939265,0.052835258477772366,0.1819158370916291,0.025099146329965273,0.051856092741319394,416.9859509007658,7496,815106.45,507807.59,30936.77,55194.62,16253.81,4251,148,0.622995425934858,0.037954269653982006,0.06771461567995199,0.019940720626121903,0.028828493480797076,265.1167674259661,3091.0,1118.0,2.7628801431127012,0.530896150113232,983.8958581940971,355.870452753478,16703.0,5617.0,2.9748976321880005,0.5257738130874693,590.747780991984,198.66073674381693,0.0,0.0,0.0,0.0,0.0,0.0,0.0,0.0,0.0,0.0,0.0,0.0,0.0,0.0,0.0,0.0,0.002881492346922689,0.0,0.0,0.0,0.0,0.0,0.0,0.0,5543.425532467137,9927.000192234325,5543.425532467137,5543.425532467137,8.620548293419702,9.203114346247288,8.620548293419702,8.620548293419702,0.0,0.0,0.0,0.0,0.0,0.0,0.0,0.0,0.0,0.0,0.0
LOC_013,50.266171,18.894791,279872.55,2412.0,Bytom,24110,160878,263,1693,20,51,91.67300380228137,1205.5,95.0253987005316,3154.470588235294,1237,234864.21,150368.57,26413.04,3019.43,15875.89,755,99,0.6402362028680317,0.11246089815046746,0.012856066916283243,0.06759603772750221,0.07475959995374591,393.74932920934907,8409,1809115.21,887972.33,222001.74,350497.21,104141.87,4993,640,0.49083238319576117,0.12271288128742226,0.19373957394344168,0.05756508453654535,0.06398436184316274,297.4075369910551,13773.0,5579.0,2.4689370854991934,0.5217454439846075,4384.082062409349,1775.8508550193683,65919.0,28045.0,2.3497949723658405,0.5292404314385837,2331.4077097054774,991.8889731138233,0.0,0.0,0.0,0.0,0.0,0.0,0.0,0.0,2.0,0.0,0.0,2.0,0.0,0.0,0.0,0.0,0.10559537202905386,0.0,0.002611862433840401,0.08258653931489984,0.0,0.0,0.0,0.008178226323061364,67.24783661497761,9176.25620645475,67.24783661497761,67.24783661497761,4.223145735613633,9.124483550752803,4.223145735613633,4.223145735613633,1.0,2.0,1.0,2.0,0.0,2.0,3.0,1.0,1.2366838007979366,1.227077165829569,0.0
LOC_014,50.101874,19.929553,392436.29,2404.0,Kraków,6591,138346,112,1820,14,64,58.848214285714285,470.7857142857143,76.01428571428572,2161.65625,1394,220158.35,155942.88,19712.14,11096.62,5898.76,1052,69,0.7083214422709836,0.08953619065549864,0.05040290318309526,0.026793260396437382,0.07007857933091116,443.7239813402042,11913,2554966.28,1536935.53,453565.67,155602.6,148538.7,8020,811,0.6015482638776745,0.1775231530648616,0.06090201707084761,0.05813724477021279,0.09036344731002478,421.3361860119443,6504.0,2052.0,3.171539961013645,0.5330565805658056,2070.2874997393747,653.1718864491385,77999.0,27573.0,2.830711202988431,0.5339940255644303,2758.650312494388,975.19538797174,0.0,0.0,0.0,0.0,0.0,0.0,0.0,0.0,7.0,1.0,2.0,1.0,1.0,2.0,0.0,0.0,0.4374835702881732,0.0876101627418783,0.04286792502744959,0.043285749582481395,0.08932090513306243,0.1743988278033015,0.0,0.0,1011.9536078737025,10760.534551844281,1011.9536078737025,1011.9536078737025,6.92062570643167,9.283733439889437,6.92062570643167,6.92062570643167,0.0,2.0,0.0,2.0,0.0,2.0,6.0,1.0,1.1207781890768649,0.8803163307328359,0.0
LOC_015,50.315698,19.117433,266355.59,2402.0,Sosnowiec,30263,121013,346,1916,23,58,87.46531791907515,1315.7826086956522,63.15918580375783,2086.4310344827586,1267,379564.17,141790.18,121365.04,61539.25,24067.12,817,122,0.37356049703005423,0.31974841039395263,0.16213134659153947,0.06340724942504451,0.12081902775214498,403.2986257948628,13753,2742978.18,1130198.57,359339.14,781074.02,122589.26,7590,870,0.41203337971868226,0.13100328052919472,0.2847540041313781,0.044692028866230346,0.09701300803115794,486.4128738539637,14552.0,6830.0,2.1291947291361644,0.5490654205607477,4632.045463746522,2174.0565226352905,63775.0,27814.0,2.2920831236068167,0.5394119952959624,2255.5792212634724,983.7190193684394,1.0,0.0,0.0,0.0,0.0,0.0,1.0,0.0,9.0,3.0,0.0,1.0,1.0,2.0,1.0,0.0,1.589691652257558,0.15409707580570187,0.0,0.1689809042614056,0.1789723770402234,0.19815299017920496,0.871136096267848,0.0,1198.4433176272344,4349.6779870657665,1198.4433176272344,1198.4433176272344,7.089612826162975,8.378086971033541,7.089612826162975,7.089612826162975,0.0,1.0,0.0,1.0,0.0,1.0,1.0,1.0,0.34758908939511235,0.33480496729333387,0.012784122101778506
LOC_016,50.026999,19.920654,238945.93,2404.0,Kraków,13503,152583,282,2369,23,56,47.88297872340426,587.0869565217391,64.40818910932883,2724.6964285714284,1872,446277.9,274937.16,80893.45,26050.71,40044.72,1274,125,0.6160671635319606,0.18126250482042688,0.058373291619414715,0.08973045718822285,0.14205466755534113,595.8761069360562,12014,2997719.46,1732988.72,639140.41,197565.38,216041.85,8054,904,0.5781023685251722,0.2132088804600815,0.06590522650174876,0.0720687352111328,0.10602263779150384,424.908330290229,19943.0,7006.0,2.8488295746503,0.5355763927192498,6348.054060163337,2230.0790626036373,84951.0,30748.0,2.7630154806816707,0.5311650245435604,3004.5270156888005,1087.488042264355,0.0,0.0,0.0,0.0,0.0,0.0,0.0,0.0,3.0,1.0,0.0,0.0,0.0,0.0,1.0,1.0,0.20096219958341807,0.11179282564193657,0.0,0.005085144352066954,0.0,0.0,0.05393082413106754,0.030153405458347014,1418.3415531289625,2556.416472454828,1418.3415531289625,1418.3415531289625,7.25794834807594,7.846752837450728,7.25794834807594,7.25794834807594,0.0,2.0,0.0,2.0,1.0,2.0,4.0,1.0,0.7103978885620271,0.5200621437761551,0.07753905480647151
LOC_017,50.281363,18.670286,232815.91,2403.0,Gliwice,30965,232918,352,2450,21,61,87.96875,1474.5238095238096,95.06857142857143,3818.3278688524592,2187,453321.07,235869.0,79604.38,41204.51,46182.27,1349,188,0.5203133399468945,0.17560264736867404,0.09089476030752332,0.10187541029142987,0.14429657819641423,696.1437210839503,10375,3009416.65,1119739.65,567515.6,781442.36,259757.88,6054,886,0.3720786385627261,0.18857993624777744,0.25966572624631423,0.08631502719970663,0.10643634126012275,366.9405632396476,19222.0,8805.0,2.1838046564452016,0.5363645822495058,6118.552632224824,2802.718547848277,75683.0,34162.0,2.2153240442597038,0.53385833014019,2676.738568449759,1208.2335924234064,1.0,0.0,0.0,1.0,0.0,0.0,0.0,0.0,9.0,4.0,0.0,3.0,1.0,1.0,0.0,0.0,1.0013475077933325,0.25487615173063977,0.0,0.6225403086420758,0.061468733748029525,0.06246231367258725,0.0,0.0,506.07700668563245,5559.8092655545,506.07700668563245,506.07700668563245,6.228662879011438,8.623498928011779,6.228662879011438,6.228662879011438,1.0,1.0,1.0,1.0,0.0,1.0,1.0,1.0,0.6029056064134424,0.6029056064134424,0.0
LOC_018,50.100659,18.99341,285754.04,2405.0,Tychy,27680,265341,431,2533,25,73,64.22273781902553,1107.2,104.75365179628899,3634.8082191780823,1438,334586.01,202526.42,54753.15,4750.24,28524.629999999997,1003,106,0.6053045075016735,0.16364446917550438,0.014197365873127808,0.08525350477146369,0.10650203476178866,457.729616332291,6730,2173778.06,980351.18,334647.87,493017.3,153589.97,4157,587,0.4509895458232751,0.15394757917466514,0.2268020406830309,0.07065577338654343,0.07688167187415793,238.02505933521238,18217.0,7142.0,2.5503220386446377,0.5224790031289455,5798.651196610115,2273.3692071246332,85990.0,35496.0,2.4224363308541808,0.5292592161879288,3041.2741236604625,1255.4141911088705,0.0,0.0,0.0,0.0,0.0,0.0,0.0,0.0,2.0,0.0,0.0,0.0,0.0,1.0,0.0,1.0,0.0676875982331448,0.0031745282084714075,0.0,0.0,0.0,0.042599744149879826,0.0,0.02191332587479357,1469.7743961482486,2557.0027377425527,2461.568904477998,2461.568904477998,7.293544341163171,7.846982052405046,7.8089603541686765,7.8089603541686765,0.0,0.0,0.0,0.0,1.0,1.0,3.0,1.0,0.39201570727487234,0.08486845703478241,0.07718368742091107
LOC_019,50.261991,19.026051,623866.24,2401.0,Katowice,32175,358087,852,5041,34,95,37.764084507042256,946.3235294117648,71.0349137075977,3769.3368421052633,2351,818987.12,316463.85,267390.28,25895.92,136930.71,1121,363,0.38640882410946825,0.3264889928916099,0.03161944720205123,0.1671951934970601,0.26069169695319055,748.3465424180919,11425,3851688.92,1258796.92,1094775.36,722234.8,351516.85,5278,1461,0.32681687076639615,0.2842325490813521,0.18751119703613034,0.0912630426031394,0.1362256290822853,404.0767166277565,17503.0,8984.0,1.9446349065004451,0.5431068959606925,5571.377937874889,2859.6960174751757,91600.0,42232.0,2.1680242470164806,0.5394650655021834,3239.6872860483586,1493.651457034872,3.0,1.0,1.0,0.0,1.0,0.0,0.0,0.0,11.0,4.0,3.0,1.0,2.0,0.0,0.0,0.0,2.4551421136503184,0.7271437653554356,0.9937615007077756,0.16541004296993542,0.5375545476759084,0.011485992165865204,0.0,0.0,1153.7434106384455,12788.027062933652,1153.7434106384455,1153.7434106384455,7.051633442984363,9.456342821541305,7.051633442984363,7.051633442984363,0.0,2.0,0.0,2.0,0.0,2.0,3.0,1.0,0.7586472254063202,0.7586472254063202,0.0
LOC_020,50.097038,19.961254,310360.75,2404.0,Kraków,17942,184910,352,2548,26,92,50.97159090909091,690.0769230769231,72.57064364207221,2009.891304347826,1326,380402.01,250346.31,70232.17,22126.25,11501.59,817,154,0.6581098506813884,0.18462618007722933,0.05816543924150138,0.030235355486160548,0.12108572050718522,422.0789090797064,11028,2692765.29,1596797.56,469681.74,155581.9,203802.88999999998,7338,850,0.5929954481847914,0.17442357183681612,0.05777774267136368,0.07568535243559976,0.09523709033106247,390.0357138705382,19217.0,6745.0,2.8498591549295775,0.5280220637976791,6116.961082793906,2147.000182309668,104354.0,38198.0,2.7332478140216767,0.5357533012630086,3690.7677625359215,1350.9778924942707,0.0,0.0,0.0,0.0,0.0,0.0,0.0,0.0,10.0,1.0,1.0,2.0,3.0,2.0,1.0,0.0,0.7823663669839966,0.04647514234414712,0.07654104071311384,0.1400984422188711,0.4194453934807018,0.05267285731290552,0.027231612014730025,0.0,525.4613226558694,10854.926251529392,1746.6340939339912,1746.6340939339912,6.266177867633208,9.29246640815425,7.466018205890182,7.466018205890182,0.0,2.0,0.0,2.0,0.0,3.0,5.0,2.0,1.366497118600262,0.5751166191693005,0.0
LOC_021,50.019016,19.927269,320423.94,2404.0,Kraków,10264,176733,292,2658,20,60,35.15068493150685,513.2,66.49097065462755,2945.55,1756,429364.81,187818.97,159729.5,23293.88,22521.7,1167,144,0.4374344744274688,0.3720134866199212,0.05425195418320379,0.05245353013443277,0.1366710638024249,558.9521601387364,12971,3000522.63,1751024.92,627498.7,211044.78,188593.34,8753,874,0.5835733090271678,0.2091298008307306,0.0703360067642616,0.06285349695896145,0.1061217796496876,458.7552815211054,10220.0,3771.0,2.7113232564306555,0.5370841487279844,3253.1270367983407,1200.3465807990747,91310.0,31697.0,2.8815850080449255,0.5317270835614938,3229.430634160214,1121.0520513741792,0.0,0.0,0.0,0.0,0.0,0.0,0.0,0.0,4.0,1.0,0.0,1.0,0.0,0.0,1.0,1.0,0.14246646607050076,0.02166961051594299,0.0,0.018735414312646453,0.0,0.0,0.02830052396367159,0.07376091727823973,1726.7572510801258,2136.830037146732,1936.6211186223197,1936.6211186223197,7.454579459796802,7.667546592235446,7.569216272110983,7.569216272110983,0.0,1.0,0.0,1.0,1.0,2.0,4.0,2.0,0.5861775900251333,0.2553950997617296,0.13031638598899817
LOC_022,50.096971,19.912718,311493.29,2404.0,Kraków,2194,163984,83,2337,12,67,26.433734939759034,182.83333333333334,70.16859221223791,2447.5223880597014,1587,299390.46,197780.79,53402.770000000004,23544.73,5671.65,1244,113,0.6606115305076855,0.17837164884946569,0.07864221859307073,0.018943990399694095,0.09529894324711274,505.1577893736758,13320,2879154.62,1783119.66,448683.16,149954.09,204343.2,9014,840,0.6193205629227373,0.15583850790201742,0.05208268043624555,0.07097333313762774,0.10182926437752614,471.0986315520102,7534.0,2094.0,3.5979942693409743,0.526280860100876,2398.146682508679,666.5409016688577,87461.0,32227.0,2.7153380705619514,0.5387315489189467,3093.3001061689465,1139.7969668938913,0.0,0.0,0.0,0.0,0.0,0.0,0.0,0.0,4.0,1.0,0.0,0.0,1.0,2.0,0.0,0.0,0.2790002123207274,0.09833918596221049,0.020664072328344718,0.00699907106787662,0.08748595052609752,0.060448684016429444,0.0,0.0,1182.1420163787918,10084.080239512105,1182.1420163787918,1182.1420163787918,7.075928904430717,9.218812406679131,7.075928904430717,7.075928904430717,0.0,2.0,0.0,2.0,0.0,2.0,6.0,1.0,1.0355767484756506,0.7948049321575111,0.0
LOC_023,50.225812,18.976277,262154.63,2401.0,Katowice,17293,156456,267,2051,26,63,64.76779026217228,665.1153846153846,76.28278888347148,2483.4285714285716,2357,476551.39,267259.46,70192.27,56787.92,23189.9,1498,149,0.5608198100104167,0.14729213149498946,0.11916431510146261,0.048661908215187455,0.15169101871162727,750.2564017351947,13360,2166290.49,1285718.27,225122.19,198113.23,166773.05,8867,577,0.5935114777704628,0.10392059192393906,0.09145275341166272,0.07698554315307915,0.07661685325699202,472.5133421572715,16407.0,7412.0,2.215097139773341,0.5472054610836838,5222.510302617454,2359.3128763942564,63601.0,26378.0,2.4114830540602017,0.5353374946934797,2249.4252301305855,932.930908639559,0.0,0.0,0.0,0.0,0.0,0.0,0.0,0.0,8.0,2.0,1.0,0.0,2.0,1.0,0.0,2.0,0.8050833209798235,0.3409340329528439,0.0829564733260668,0.0,0.0601085086293072,0.11211365164771507,0.0,0.20897065442389046,3065.645237069829,12756.654593417283,3065.645237069829,3065.645237069829,8.028339486432595,9.453886730710465,8.028339486432595,8.028339486432595,0.0,0.0,0.0,0.0,0.0,0.0,0.0,0.0,0.09462728633132791,0.09462728633132791,0.0
LOC_024,50.244682,20.081011,218318.13,2404.0,Kraków,5779,9510,235,374,17,23,24.591489361702127,339.94117647058823,25.427807486631018,413.4782608695652,1596,193174.91,127418.07,13456.36,13926.58,7711.53,1100,52,0.6595994790420765,0.06965894276849928,0.07209310981431284,0.03991993577219733,0.06148948361566401,508.02257834932993,4216,521942.52,263789.22,22420.670000000002,40069.96,11775.18,2315,95,0.5053989853135551,0.04295620521585404,0.07677082909436081,0.022560300318126985,0.0184599404595201,149.11049779454018,3971.0,1063.0,3.7323612417685794,0.5217829262150592,1264.0085580358327,338.3634090133695,6932.0,1747.0,3.965941614195764,0.5207732256203116,245.16934789178188,61.78748568478692,1.0,0.0,1.0,0.0,0.0,0.0,0.0,0.0,1.0,0.0,1.0,0.0,0.0,0.0,0.0,0.0,0.7827677625624051,0.0035435891610479425,0.7727083188433875,0.006515854557969702,0.0,0.0,0.0,0.0,12849.139532360172,29323.61481846835,12849.139532360172,12849.139532360172,9.461109948813842,10.286182538515321,9.461109948813842,9.461109948813842,0.0,0.0,0.0,0.0,0.0,0.0,0.0,0.0,0.0,0.0,0.0
LOC_025,49.994134,20.053555,231470.22,2415.0,powiat wielicki,2194,77944,123,1349,14,46,17.83739837398374,156.71428571428572,57.77909562638992,1694.4347826086957,1689,228521.95,148799.25,29525.96,18062.52,11047.49,1237,94,0.6511376697074395,0.1292040436378212,0.0790406348274203,0.04834323354933738,0.0727407958949979,537.6253977644225,13407,1728845.11,1245638.26,151684.63,107847.1,52175.42,10201,491,0.7205030993204474,0.0877375475238496,0.06238100763115789,0.03017934903376046,0.061145387799278125,474.1756271184535,4533.0,1317.0,3.440698557327259,0.5210677255680565,1442.898714071123,419.2141201040523,40974.0,12245.0,3.3464026133115556,0.5222824229999512,1449.1588084994044,433.07828403561297,0.0,0.0,0.0,0.0,0.0,0.0,0.0,0.0,3.0,0.0,0.0,0.0,0.0,0.0,0.0,1.0,0.15921031678319586,0.0,0.0,0.0,0.0,0.0,0.0,0.046666625810239566,3662.269748225485,10204.49634644623,3662.269748225485,3662.269748225485,8.206111401406623,9.230681711635526,8.206111401406623,8.206111401406623,0.0,0.0,0.0,0.0,0.0,0.0,0.0,0.0,0.025701859102165738,0.025701859102165738,0.0
LOC_026,50.36527,19.027023,172988.91,2401.0,Katowice,1452,28679,60,365,11,21,24.2,132.0,78.57260273972602,1365.6666666666667,1107,127935.12,71210.45,6560.52,6785.6,4834.81,563,36,0.5566137742318138,0.05128005507791762,0.0530393843379363,0.03779110849311745,0.040723013486109606,352.36904400545626,7983,891502.13,554842.56,40474.28,63189.6,25866.2,4544,165,0.62236818211528,0.04540009343555915,0.07087992038785146,0.029014176331805287,0.03153043794810077,282.3408690450223,3112.0,1170.0,2.661111111111111,0.5334190231362468,990.5803658039566,372.4225668350351,19799.0,6598.0,3.00142467414368,0.5270973281478862,700.246381839208,233.35651433785011,0.0,0.0,0.0,0.0,0.0,0.0,0.0,0.0,1.0,0.0,0.0,0.0,0.0,0.0,0.0,0.0,0.038948231454623214,0.0,0.0,0.0029243113611657637,0.0,0.0,0.0,0.0,5131.541717154811,11573.128438819593,5131.541717154811,5131.541717154811,8.543356276898013,9.356527579257246,8.543356276898013,8.543356276898013,0.0,0.0,0.0,0.0,0.0,0.0,0.0,0.0,0.0,0.0,0.0
LOC_027,50.306119,19.181442,288519.07,2410.0,Dąbrowa Górnicza,11068,166283,230,2315,22,66,48.12173913043478,503.09090909090907,71.82850971922247,2519.439393939394,1299,311851.21,126272.84,70542.32,57362.72,21405.05,798,111,0.40491374075476566,0.2262050546476956,0.18394259236640448,0.06863866264940899,0.09926532316137741,413.4845421527441,8955,2523532.68,968715.96,482040.9,554831.36,172483.28,4671,914,0.3838729601869075,0.19101829107281462,0.21986295814484952,0.06834992919528983,0.08925171112798626,316.7183367528717,8390.0,3526.0,2.3817640385706182,0.5396901072705602,2670.619945082004,1122.360658684046,94589.0,40784.0,2.3198043350333464,0.5353793781517936,3345.4015360265084,1442.4389331244133,0.0,0.0,0.0,0.0,0.0,0.0,0.0,0.0,5.0,0.0,0.0,3.0,1.0,0.0,0.0,0.0,0.1680831275415522,0.0,0.0,0.0921991656389698,0.05412841231270544,0.0,0.0,0.0,2071.7176531297405,2071.7176531297405,2185.1846986823507,2185.1846986823507,7.6366159010994945,7.6366159010994945,7.689913156787739,7.689913156787739,0.0,0.0,0.0,0.0,1.0,0.0,3.0,0.0,0.3478241456198402,0.22178286425275479,0.1260412813670854
LOC_028,50.203964,19.046848,323175.63,2401.0,Katowice,1626,14719,45,208,13,16,36.13333333333333,125.07692307692308,70.76442307692308,919.9375,696,114183.46,76298.82,11856.86,6291.15,7968.46,452,58,0.6682125414661634,0.10384043363198138,0.05509685903720205,0.06978646469462389,0.03634572415667142,221.54368078391832,2166,418176.02,203174.91,59045.659999999996,59704.52,33098.28,1231,194,0.48585978220367587,0.1411981012206295,0.14277365784867338,0.07914915828985124,0.014789951258998955,76.60657927489896,4279.0,1669.0,2.5610545236668663,0.5099322271558775,1362.0480029804403,531.2592000407467,17087.0,6986.0,2.443100486687661,0.5215661028852344,604.3290028024924,247.07920720888464,0.0,0.0,0.0,0.0,0.0,0.0,0.0,0.0,0.0,0.0,0.0,0.0,0.0,0.0,0.0,0.0,0.0,0.0,0.0,0.0,0.0,0.0,0.0,0.0,2899.2346318509185,11938.576342269855,2899.2346318509185,2899.2346318509185,7.9725469202365264,9.38761390409513,7.9725469202365264,7.9725469202365264,0.0,0.0,0.0,0.0,0.0,0.0,1.0,0.0,0.06408293420140478,0.06408293420140478,0.0
LOC_029,50.321487,19.134686,319279.07,2402.0,Sosnowiec,18862,140122,468,1682,30,54,40.3034188034188,628.7333333333333,83.30677764565993,2594.8518518518517,2506,416796.5,185318.74,78044.64,65375.38,29934.809999999998,1249,237,0.444626430404286,0.1872487892772612,0.1568520369053003,0.07182116452513396,0.13267044647680232,797.6845747765794,10841,2429754.51,908739.4,383179.36,693645.08,116146.79,5781,792,0.3740046149765147,0.15770291131180986,0.28547949068319667,0.0478018620901747,0.08593498683696134,383.4219417909416,7120.0,3010.0,2.3643521594684387,0.5337078651685393,2266.36638962859,958.1127574132099,57751.0,24567.0,2.3496519721577727,0.5377742376755381,2042.5238041111218,868.879885986354,2.0,2.0,0.0,0.0,0.0,0.0,0.0,0.0,8.0,2.0,0.0,1.0,2.0,1.0,1.0,0.0,2.011575766151376,1.3261288165969425,0.0,0.2812573685260122,0.14169729853835691,0.14169944789127745,0.07173823506902467,0.0,2577.1676012019166,3031.0147983387624,2577.1676012019166,2577.1676012019166,7.8548341934890855,8.016982627468941,7.8548341934890855,7.8548341934890855,0.0,0.0,0.0,0.0,0.0,0.0,1.0,0.0,0.16128388697765383,0.11336360843053725,0.04792027854711658
LOC_030,50.304572,18.91806,167860.76,2412.0,Bytom,14659,209396,395,2252,22,61,37.11139240506329,666.3181818181819,92.9822380106572,3432.72131147541,806,228834.59,121332.27,41730.54,14565.69,22059.25,454,65,0.530218224438884,0.18236115440414843,0.06365160966268256,0.09639823245253264,0.0728403122978144,256.5577682641353,9889,2993779.53,1296158.78,393148.75,885495.89,169560.89,5589,903,0.43295064550060575,0.13132187793401073,0.2957785906165242,0.05663773444265618,0.10588329127262915,349.7518293857229,12773.0,5297.0,2.4086464036246933,0.5429421435841227,4065.7721762255583,1686.0874671155393,95052.0,41475.0,2.2911995177817963,0.5306463830324454,3361.776811282408,1466.878058830302,0.0,0.0,0.0,0.0,0.0,0.0,0.0,0.0,1.0,0.0,1.0,0.0,0.0,0.0,0.0,0.0,0.0588419868937805,0.0,0.022564588785171924,0.03276133149712379,0.0,0.0,0.0,0.003516066611484776,1641.2172862663506,9473.57135007527,1641.2172862663506,1641.2172862663506,7.403802611504972,9.156366788829667,7.403802611504972,7.403802611504972,0.0,1.0,0.0,1.0,0.0,1.0,3.0,1.0,0.4825718942357836,0.4599556209293341,0.0
LOC_031,50.100066,19.890332,353665.53,2404.0,Kraków,1495,74490,88,1473,17,48,16.988636363636363,87.94117647058823,50.57026476578412,1551.875,1185,261390.27000000002,124446.27,96964.57,17559.93,7316.56,863,42,0.4760937352411779,0.3709570750280797,0.06717897341779401,0.02799094243255497,0.08320310709325032,377.19721512779194,10146,2038017.77,1171145.34,376338.11,161456.82,91936.48,6882,697,0.5746492288926411,0.18465889529510823,0.0792224790071384,0.04511073522190143,0.07208013382324921,358.8413450245267,4195.0,1341.0,3.1277404921700227,0.5289630512514899,1335.309972541002,426.8535573724633,48320.0,16280.0,2.968820638820639,0.5329263245033112,1708.9704111556407,575.7872163413458,0.0,0.0,0.0,0.0,0.0,0.0,0.0,0.0,1.0,1.0,0.0,0.0,0.0,0.0,0.0,0.0,0.04311462762310414,0.03943882258600697,0.0,0.0,0.0036758050370971694,0.0,0.0,0.0,2305.773623322398,10462.056453954903,2305.773623322398,2305.773623322398,7.74360512736099,9.255605898946621,7.74360512736099,7.74360512736099,0.0,0.0,0.0,0.0,0.0,0.0,2.0,0.0,0.29469127734878764,0.20745113966846573,0.0
LOC_032,50.141958,19.192459,173229.08,2411.0,Jaworzno,2150,13051,131,458,13,25,16.412213740458014,165.3846153846154,28.495633187772924,522.04,1507,175245.7,108070.7,11092.97,13065.37,10359.55,920,60,0.6166810369669555,0.06329952746344132,0.07455458250901449,0.059114431909028285,0.05578243882119873,479.6929984789726,5295,695433.2,383194.29,31121.02,142013.29,20517.65,3269,161,0.5510152376964459,0.0447505526051963,0.20420838406909536,0.029503408810508332,0.02459591808226993,187.27231637146352,2831.0,679.0,4.169366715758469,0.5231367008124338,901.1352877863114,216.1324127187939,10157.0,2523.0,4.0267934998018236,0.5190509008565521,359.23039044097357,89.232871426856,0.0,0.0,0.0,0.0,0.0,0.0,0.0,0.0,1.0,0.0,1.0,0.0,0.0,0.0,0.0,0.0,0.2594067116619884,0.0,0.2594067116619884,0.0,0.0,0.0,0.0,0.0,2865.006620648577,11235.460110068669,5210.362445774941,5210.362445774941,7.960674918451247,9.326919137018034,8.558596606467601,8.558596606467601,0.0,0.0,0.0,0.0,0.0,0.0,1.0,0.0,0.05702632476201658,0.0,0.0
LOC_033,50.280179,19.565872,50000.0,2408.0,Olkusz,19168,77648,575,1266,28,38,33.33565217391304,684.5714285714286,61.333333333333336,2043.3684210526317,2529,390729.12,228447.61000000002,65216.229999999996,29248.45,24863.92,1549,218,0.584670039438064,0.16690905965749364,0.07485607932165383,0.06363467355594074,0.1243729417158927,805.0057021588067,7456,1385775.36,638944.23,155923.01,333101.56,64424.14,4161,452,0.4610734527708733,0.11251680070282098,0.24037197486322745,0.04648959842957519,0.04901177745754463,263.7020568207048,8211.0,2962.0,2.7712694125590818,0.5305078553160395,2613.6424754551053,942.833882876388,31250.0,11091.0,2.8192047606167163,0.526624,1105.2426603603842,392.26388307382473,1.0,0.0,0.0,1.0,0.0,0.0,0.0,0.0,3.0,0.0,0.0,2.0,0.0,0.0,0.0,0.0,0.4771722936614018,0.0,0.0,0.43924750333485924,0.0,0.0,0.0,0.0,1279.3301016956343,1279.3301016956343,19348.53978232039,19348.53978232039,7.154873215614964,7.154873215614964,9.870423914315676,9.870423914315676,0.0,0.0,0.0,0.0,1.0,1.0,1.0,1.0,0.2783352649542345,0.0,0.2783352649542345
LOC_034,50.296747,18.658205,200235.86,2403.0,Gliwice,21866,299100,425,3156,28,81,51.449411764705886,780.9285714285714,94.77186311787072,3692.5925925925926,2519,614533.58,322202.57,105021.7,32607.71,78190.31,1508,242,0.5243042536422502,0.17089660096361212,0.0530609084047124,0.12723521145907113,0.19561211390591743,801.8226032969687,13135,3155924.76,1401144.39,546454.42,560958.7,292504.49,7964,1013,0.44397268520432026,0.17315191633402569,0.17774780536909884,0.09268424067245508,0.11161800568446743,464.55559500267674,17856.0,8291.0,2.1546134362561817,0.5369063620071685,5683.741327697767,2639.1072663498085,93803.0,41668.0,2.2509935682058173,0.5336396490517361,3317.6024726331243,1473.7040375006877,0.0,0.0,0.0,0.0,0.0,0.0,0.0,0.0,13.0,4.0,0.0,5.0,2.0,1.0,0.0,0.0,2.338944231605736,1.1383303500013566,0.0,0.42327555790366317,0.39290612971334354,0.3078282936665904,0.0,0.01736615170756216,2411.144518691548,5823.202732190686,2411.144518691548,2411.144518691548,7.788271472590936,8.669777399056164,7.788271472590936,7.788271472590936,0.0,0.0,0.0,0.0,0.0,0.0,1.0,0.0,0.08968576154544287,0.08968576154544287,0.0
LOC_035,50.07503,20.013764,259759.18,2404.0,Kraków,33380,274018,601,3279,35,80,55.54076539101497,953.7142857142857,83.56755108264714,3425.225,1017,470183.07,210245.76,122070.63,73312.06999999999,28678.89,519,156,0.44715723175655814,0.25962361851948434,0.15592239422827367,0.06099515663122451,0.1496639194972453,323.7211542489151,7752,3068752.61,1488611.44,698938.85,373068.27999999997,273122.06,4127,940,0.4850868183864453,0.2277599203410535,0.12157000821255513,0.08900100291890262,0.10853492155725673,274.17091529963835,26840.0,10496.0,2.5585842225609756,0.5412816691505216,8543.437345172943,3340.980565385067,168488.0,65977.0,2.5535671521893994,0.5404005032999383,5959.044011481614,2333.4590400831066,0.0,0.0,0.0,0.0,0.0,0.0,0.0,0.0,6.0,1.0,2.0,1.0,1.0,0.0,0.0,0.0,0.3516514333476739,0.04945600794084057,0.1108307298159564,0.04162261397341383,0.05116466380192444,0.012062508524320895,0.0046536321764340015,0.010229518248665984,600.9054807296219,10903.312425224633,821.7738906287691,821.7738906287691,6.400100424226875,9.29691362531592,6.712681424933037,6.712681424933037,1.0,2.0,1.0,2.0,0.0,4.0,5.0,3.0,1.6095870232036797,0.6611067378321154,0.0
LOC_036,50.015621,19.951247,349740.94,2404.0,Kraków,16994,231760,303,2868,31,59,56.085808580858085,548.1935483870968,80.8089260808926,3928.135593220339,1595,344408.91,250798.24,38310.36,4869.5,21607.37,1095,132,0.7281990468829624,0.11123510132185606,0.01413871667838094,0.06273754648217435,0.1096287609427834,507.70426846314615,13535,2810207.54,1558906.26,602590.38,275488.07,133059.17,8702,988,0.5547299399815858,0.2144291378564873,0.09803121871916975,0.047348520743062276,0.09939076024558116,478.70270105528965,15991.0,4626.0,3.4594898400345873,0.5259208304671378,5090.093389964997,1472.5015334862157,88463.0,30205.0,2.9305909617612977,0.533601618755864,3128.738606830742,1068.2833457979332,1.0,0.0,0.0,1.0,0.0,0.0,0.0,0.0,3.0,1.0,0.0,1.0,0.0,0.0,0.0,1.0,0.6240485327731791,0.022176337360971392,0.0,0.4462796908864186,0.0,0.0,0.00716021386589811,0.14471556474735978,42.16064910724596,3481.6189481276206,2505.6622526580336,2505.6622526580336,3.7649291798330493,8.155539861029775,7.826707367366526,7.826707367366526,0.0,0.0,0.0,0.0,0.0,1.0,2.0,1.0,1.205353694857211,0.16834635102479545,0.03904614590947303
LOC_037,50.163899,19.977864,227013.29,2404.0,Kraków,877,4220,61,224,9,19,14.37704918032787,97.44444444444444,18.839285714285715,222.10526315789474,620,78773.36,45298.19,6279.28,1452.0,3121.98,356,33,0.575044532821756,0.07971324315733136,0.018432627477106472,0.03963243411224302,0.02507433925591477,197.3521294339502,4498,560699.62,375446.9,14145.12,15686.92,11006.33,2917,66,0.6696043418042624,0.025227625444083593,0.02797740437205932,0.019629636988161326,0.019830692469499412,159.08420756163227,947.0,230.0,4.116521739130435,0.5089757127771911,301.4394622160498,73.21127382227186,6815.0,1689.0,4.034813499111901,0.4974321349963316,241.0313193713926,59.73615530715805,0.0,0.0,0.0,0.0,0.0,0.0,0.0,0.0,0.0,0.0,0.0,0.0,0.0,0.0,0.0,0.0,0.0,0.0,0.0,0.0,0.0,0.0,0.0,0.0,7832.364857161135,18271.90507072569,8275.509934373344,8275.509934373344,8.966147435774486,9.813174644434223,9.021176653010421,9.021176653010421,0.0,0.0,0.0,0.0,0.0,0.0,0.0,0.0,0.0,0.0,0.0
LOC_038,50.189307,18.62252,121446.26,2403.0,Gliwice,13234,18785,160,284,20,22,82.7125,661.7,66.1443661971831,853.8636363636364,351,104477.36,30265.99,10062.39,31737.92,7376.49,88,37,0.28968945999401213,0.09631167939159259,0.30377796682458286,0.07060371739867853,0.03325617657038293,111.72677005051052,2811,371357.28,163191.82,15557.85,56510.87,11754.53,1255,68,0.4394469390771065,0.041894560408240814,0.15217385801619399,0.03165288694488499,0.013134077058924679,99.41878778473729,4074.0,1709.0,2.3902282036278524,0.5346097201767305,1296.7944763127632,543.9915954880983,8044.0,2745.0,2.934608378870674,0.5272252610641472,284.4983027180458,97.08451528605616,0.0,0.0,0.0,0.0,0.0,0.0,0.0,0.0,1.0,0.0,0.0,0.0,0.0,0.0,0.0,0.0,0.037328257066923956,0.0,0.0,0.0,0.0,0.0,0.0,0.0,204.3762790495203,5448.539765456282,204.3762790495203,204.3762790495203,5.3248438042115405,8.603286437386197,5.3248438042115405,5.3248438042115405,1.0,1.0,1.0,1.0,0.0,1.0,1.0,1.0,0.8544908075323728,0.8544908075323728,0.0
LOC_039,50.05788,19.963263,473882.1,2404.0,Kraków,18070,292585,444,4390,24,90,40.6981981981982,752.9166666666666,66.64806378132118,3250.9444444444443,1103,547774.06,236952.61,142623.07,45602.45,70305.32,479,173,0.4325736235118544,0.26036842635447177,0.08325047374459461,0.12834729705893705,0.17436189869303295,351.0958044607211,14281,4750687.28,2412717.25,1121982.7,362488.97,570009.51,8258,2065,0.5078669901421085,0.23617271225648848,0.07630242713008042,0.11998464146433986,0.16802119193239803,505.0870538434128,13587.0,5517.0,2.4631140112379915,0.5320526974313682,4324.876423579164,1756.1156420759733,106509.0,43089.0,2.471765415767365,0.5342647100245049,3766.9852963943736,1523.9616317525952,0.0,0.0,0.0,0.0,0.0,0.0,0.0,0.0,20.0,12.0,1.0,2.0,1.0,1.0,1.0,2.0,1.6224808236616952,0.8659939495051352,0.2192213049262232,0.11732059701788836,0.034735412823084864,0.12203910035320104,0.03381144762992391,0.2076057183324108,751.6143967746324,7088.314129940763,751.6143967746324,751.6143967746324,6.623553007360684,8.866343877179753,6.623553007360684,6.623553007360684,1.0,3.0,1.0,3.0,0.0,5.0,8.0,2.0,2.185667185087884,1.5051176376492594,0.0
LOC_040,49.965208,18.956704,130489.86,2413.0,powiat pszczyński,2175,79511,209,1421,12,57,10.4066985645933,181.25,55.954257565095006,1394.9298245614036,741,199898.25,71808.42,42059.87,54931.21,13505.54,422,72,0.35922485564530954,0.21040639425307628,0.27479585238990334,0.06756207220423391,0.06362958920583894,235.86762566218889,5979,1092798.06,520791.46,138545.32,138513.66,53287.52,3711,411,0.4765669697473658,0.12678034951855607,0.12675137801763667,0.048762458454584004,0.03864982512227414,211.4638677214316,4113.0,1528.0,2.6881544502617802,0.5407245319717967,1309.208561873931,486.37750608883215,18512.0,6033.0,3.0679098292723355,0.532951598962835,654.7280681149259,213.37372703853435,0.0,0.0,0.0,0.0,0.0,0.0,0.0,0.0,1.0,0.0,1.0,0.0,0.0,0.0,0.0,0.0,0.04879551735203156,0.0,0.04354752052281545,0.0,0.0,0.0,0.005247996829216108,0.0,1208.5927349911963,13107.90177994626,15915.764570049363,15915.764570049363,7.098038999282228,9.48104680360328,9.675128208219714,9.675128208219714,0.0,0.0,0.0,0.0,0.0,1.0,1.0,1.0,0.2983703418189596,0.0,0.0
LOC_041,49.997572,19.423463,178087.81,2406.0,Chrzanów,4917,28693,116,668,11,24,42.38793103448276,447.0,42.953592814371255,1195.5416666666667,730,186188.23,52262.23,31075.48,84972.78,4077.19,431,71,0.2806956701828037,0.16690356850161794,0.45638105051001343,0.0218982155853783,0.059265554300061446,232.3662169141672,3382,504833.0,216663.66,61929.5,100682.29000000001,9674.289999999999,1875,188,0.4291788769751581,0.12267324045773553,0.1994368236624785,0.01916334708705651,0.017854814974646846,119.61378167484223,1665.0,499.0,3.340681362725451,0.5087087087087087,529.9859604960114,158.83663320571156,5959.0,1513.0,3.9398545935228024,0.5069642557476086,210.75651241880095,53.51142864400837,0.0,0.0,0.0,0.0,0.0,0.0,0.0,0.0,2.0,0.0,1.0,1.0,0.0,0.0,0.0,0.0,0.37941895405315706,0.0,0.1422240081447137,0.23719494590844334,0.0,0.0,0.0,0.0,13836.884901745749,15793.103321907136,16900.688706954086,16900.688706954086,9.535165392474356,9.667391941881585,9.735168819407553,9.735168819407553,0.0,0.0,0.0,0.0,0.0,0.0,0.0,0.0,0.0,0.0,0.0
LOC_042,50.098404,19.998362,314978.31,2404.0,Kraków,9911,248132,148,2686,20,85,66.96621621621621,495.55,92.37974683544304,2919.2,772,308634.77,204517.84,34594.270000000004,33058.229999999996,17439.65,525,78,0.6626532713731508,0.1120880515179803,0.10711116573158622,0.05650578513885522,0.09824149851106043,245.7352321338864,7036,2264729.63,1283886.82,459623.25,119933.38,183566.33,4194,758,0.5669051188242723,0.20294839786239738,0.052957041057479344,0.08105441266293673,0.08009842564026204,248.84759546546124,30668.0,11609.0,2.6401584977172883,0.5377918351376028,9761.927589484492,3695.259468707626,144194.0,54241.0,2.658634612193728,0.5382401486885724,5099.819525376168,1918.3829484994435,0.0,0.0,0.0,0.0,0.0,0.0,0.0,0.0,4.0,0.0,0.0,1.0,1.0,0.0,1.0,0.0,0.2661178249717826,0.0,0.012577706890911925,0.030216348372730246,0.06667485175795067,0.0,0.03275477666262316,0.0,1688.5312718416023,12220.40055795066,1688.5312718416023,1688.5312718416023,7.432206415507522,9.410943838101728,7.432206415507522,7.432206415507522,0.0,1.0,0.0,1.0,0.0,3.0,5.0,2.0,0.813903081683353,0.2651648178644479,0.0
LOC_043,50.253639,19.039906,573546.91,2401.0,Katowice,23550,276080,321,4306,31,81,73.3644859813084,759.6774193548387,64.1151881096145,3408.395061728395,1284,516772.91,174639.19,113248.7,104966.79,81475.34,524,212,0.33794184373944836,0.21914596877765904,0.20311976105713436,0.15766178610252615,0.1644939261649663,408.70989385998723,9098,3256878.82,1062183.77,953117.02,575737.6,321787.38,4323,1168,0.3261354900517914,0.2926473696678712,0.1767758740253038,0.09880238037226083,0.11518852516762206,321.77592716668084,14881.0,6533.0,2.277192713913975,0.5472750487198441,4736.769416300989,2079.5184864387047,72975.0,33428.0,2.181910374536317,0.539650565262076,2580.9626604735695,1182.2736528168616,0.0,0.0,0.0,0.0,0.0,0.0,0.0,0.0,8.0,2.0,3.0,1.0,2.0,0.0,0.0,0.0,0.48797085759015135,0.24969322189987594,0.13686658384899103,0.020905546041051513,0.07434997928639267,0.0,0.0,0.0,1395.098094058253,12537.038927121692,1395.098094058253,1395.098094058253,7.241436548803679,9.436522416560447,7.241436548803679,7.241436548803679,0.0,2.0,0.0,2.0,0.0,2.0,3.0,1.0,0.607987822741411,0.607987822741411,0.0
LOC_044,50.286421,18.728948,245236.06,2403.0,Gliwice,26992,73592,278,1046,28,44,97.09352517985612,964.0,70.35564053537284,1672.5454545454545,1618,240780.61,149314.54,24284.59,6171.69,16081.17,1038,102,0.6201269279947419,0.10085774764006122,0.025632005833027834,0.06678764540051627,0.0766428485643637,515.0253958453733,6611,1614013.49,485648.3,303874.86,546896.6,107260.44,3698,484,0.30089482089768654,0.18827281301099905,0.3388426449892931,0.06645572708317327,0.05708405003344476,233.81629528456003,15415.0,6187.0,2.4902699208016816,0.5168991242296465,4906.746895523133,1969.383265819113,33500.0,13344.0,2.5088579136690647,0.5202089552238806,1184.8201319063319,471.947457915167,0.0,0.0,0.0,0.0,0.0,0.0,0.0,0.0,0.0,0.0,0.0,0.0,0.0,0.0,0.0,0.0,0.0071087049224130075,0.0,0.0,0.003823415859919729,0.003285289062493279,0.0,0.0,0.0,2204.2742454550644,2204.2742454550644,4175.283075132084,4175.283075132084,7.698607154503136,7.698607154503136,8.337176913455728,8.337176913455728,0.0,0.0,0.0,0.0,1.0,0.0,1.0,0.0,0.1343166245475237,0.015227895489971504,0.11908872905755219
LOC_045,50.287326,18.66314,259298.07,2403.0,Gliwice,34858,278915,446,2842,21,79,78.15695067264573,1659.904761904762,98.14039408866995,3530.5696202531644,2756,626956.41,339595.35,104750.56,15914.42,88467.11,1626,260,0.5416570348168224,0.16707789940292658,0.02538361478750971,0.14110567910135888,0.199566423509298,877.2620463225271,11435,2885985.54,1252624.16,589994.36,440034.9,279901.21,6752,941,0.4340368801709242,0.20443427446971893,0.15247300927225022,0.09698635219080134,0.10207085875171841,404.43039427907183,23485.0,11112.0,2.1143538516918645,0.5360868639557164,7475.507677026324,3537.0594552742823,84215.0,37786.0,2.228404700153496,0.5340378792376655,2978.4963405519925,1336.4063732600794,0.0,0.0,0.0,0.0,0.0,0.0,0.0,0.0,10.0,4.0,0.0,4.0,1.0,1.0,0.0,0.0,2.091685649268063,1.0302570067337782,0.0,0.44680528621775484,0.2723819502786967,0.3317315520143788,0.0,0.0036459594740921694,1316.2955316257978,5750.066853661051,1316.2955316257978,1316.2955316257978,7.183336074159731,8.657140656348162,7.183336074159731,7.183336074159731,0.0,1.0,0.0,1.0,0.0,1.0,1.0,1.0,0.268019356943678,0.268019356943678,0.0
LOC_046,50.258876,18.934631,220894.99,2401.0,Katowice,6864,99998,170,1234,14,51,40.37647058823529,490.2857142857143,81.03565640194489,1960.7450980392157,546,344078.93,74561.95,49630.9,206194.21000000002,5955.45,349,43,0.21670013330952873,0.14424277592353593,0.599264273461906,0.01730838328287059,0.10952372504654048,173.79719785634973,7440,2109034.33,763493.15,301643.33,721238.17,109562.94,4270,604,0.36201077390712744,0.14302438121052302,0.34197554764317184,0.05194933929785771,0.0745918308377786,263.1361725786003,6695.0,3005.0,2.2300499168053247,0.5489171023151606,2131.0846880004788,956.521207982291,58147.0,25142.0,2.3123936043274202,0.5312741843947237,2056.5294391032085,889.216350936985,0.0,0.0,0.0,0.0,0.0,0.0,0.0,0.0,4.0,0.0,1.0,1.0,0.0,0.0,0.0,2.0,0.14836811280043066,0.0,0.04997945044933504,0.030805261460393335,0.0,0.0,0.0,0.06758340089070228,267.2559341586509,12037.962136085333,267.2559341586509,267.2559341586509,5.591941503013193,9.395903513825449,5.591941503013193,5.591941503013193,1.0,2.0,1.0,2.0,0.0,2.0,4.0,1.0,1.1741075851631728,1.1741075851631728,0.0
LOC_047,50.276761,18.795432,249600.16,2403.0,Gliwice,4231,64006,113,949,16,35,37.442477876106196,264.4375,67.44573234984193,1828.7428571428572,1201,156251.16,109520.44,8725.6,7509.18,2517.01,796,32,0.7009256123282541,0.0558434254184097,0.04805839521447393,0.01610874440868151,0.04973628895568527,382.2901733067326,8390,1550590.82,789553.24,155365.63,281138.43,132342.4,5229,401,0.5091950950670532,0.10019769754602313,0.18131052136630085,0.08534966046039147,0.05484093193687008,296.73554945355596,4796.0,1774.0,2.702085682074408,0.5314845704753962,1526.61421413746,564.6817380900446,45826.0,18515.0,2.4744639481501483,0.52500763758565,1620.763204917599,654.8341714103206,0.0,0.0,0.0,0.0,0.0,0.0,0.0,0.0,1.0,0.0,0.0,1.0,0.0,0.0,0.0,0.0,0.08058206172137203,0.0,0.0,0.07369511079844533,0.0,0.006886950922926692,0.0,0.0,3718.9704158943437,3718.9704158943437,7091.982958266821,7091.982958266821,8.221470994518995,8.221470994518995,8.866861258586317,8.866861258586317,0.0,0.0,0.0,0.0,0.0,0.0,0.0,0.0,0.0334649947626184,0.0,0.024279512432097475
LOC_048,50.441998,18.853005,192524.6,2412.0,Bytom,16176,117675,428,1598,35,70,37.794392523364486,462.1714285714286,73.63892365456822,1681.0714285714287,3184,452895.34,245311.23,80596.37,20119.26,34184.6,1563,286,0.5416510357558547,0.17795804655442027,0.044423641011629746,0.07548013189978947,0.1441610641285692,1013.4986776091895,13117,1919746.28,990822.92,250301.0,249647.1,82294.2,7178,671,0.516121807513022,0.13038233364879864,0.13004171572089204,0.0428672272254644,0.06789713554317285,463.9189752303092,9855.0,4028.0,2.4465988083416086,0.5284627092846271,3136.943928341257,1282.152221548309,42707.0,15643.0,2.7295211915872915,0.5280164844170745,1510.45114547235,553.2579499525598,2.0,1.0,0.0,0.0,0.0,1.0,0.0,0.0,7.0,1.0,1.0,1.0,2.0,2.0,0.0,0.0,1.8862717037964793,0.569896477527438,0.3655496760408845,0.09837159952366502,0.045348342915395745,0.8071056077890961,0.0,0.0,702.9382038752635,15502.574740891489,702.9382038752635,702.9382038752635,6.5566905737190035,9.6488259047613,6.5566905737190035,6.5566905737190035,1.0,1.0,1.0,1.0,0.0,1.0,1.0,1.0,0.5113836043479489,0.5113836043479489,0.0
LOC_049,50.08963,19.962518,293108.65,2404.0,Kraków,14475,249490,367,3160,37,97,39.44141689373297,391.2162162162162,78.95253164556962,2572.061855670103,1798,477444.27,286939.05,103442.8,29406.86,22694.37,1122,241,0.600989619165395,0.21665942288929343,0.06159223567600885,0.04753302411609212,0.15197523124280304,572.3211753584557,11770,3383542.19,1935401.8,688313.47,185596.37,307479.22,7471,1229,0.572004630449133,0.20342984699120895,0.05485268383782145,0.09087494783092981,0.11966832548855043,416.27859559813515,22135.0,8195.0,2.702965222696766,0.5365710413372488,7045.789330678207,2608.549517276165,123066.0,46091.0,2.671050747434423,0.5353712641996977,4352.569383677153,1630.1356626774552,1.0,0.0,0.0,0.0,1.0,0.0,0.0,0.0,11.0,1.0,1.0,2.0,3.0,2.0,1.0,0.0,1.299410896377934,0.05391551998859578,0.11255283819412353,0.20649346422039566,0.7843590329634438,0.051706176400722385,0.06276728615187897,0.004939441681845646,552.4572648927268,10131.607337111385,1683.7471461789453,1683.7471461789453,6.3161845403020385,9.223513951795615,7.429370769911222,7.429370769911222,0.0,3.0,0.0,3.0,0.0,5.0,7.0,3.0,1.6239493872857416,0.7442261702329903,0.0
LOC_050,50.031498,19.810855,174053.35,2414.0,powiat krakowski,586,12383,104,651,16,29,5.634615384615385,36.625,19.021505376344088,427.0,176,25986.85,12988.3,5770.400000000001,804.21,0.0,107,10,0.49980278487004004,0.22205076798457685,0.03094680578831217,0.0,0.00827187126577524,56.02253996834716,4841,605896.65,399712.56,43060.18,36924.55,18768.69,3343,105,0.6597041921258353,0.07106852298985314,0.06094199398527785,0.030976718554228677,0.02142921041118223,171.21535100174785,340.0,76.0,4.473684210526316,0.5117647058823529,108.22536130248884,24.19155134996809,8938.0,2215.0,4.0350338600451465,0.5222644886999329,316.1170847456357,78.33959976634404,0.0,0.0,0.0,0.0,0.0,0.0,0.0,0.0,0.0,0.0,0.0,0.0,0.0,0.0,0.0,0.0,0.0,0.0,0.0,0.0,0.0,0.0,0.0,0.0,1769.6017642171457,7259.316213957564,1769.6017642171457,1769.6017642171457,7.479074747571542,8.89017866251186,7.479074747571542,7.479074747571542,0.0,1.0,0.0,1.0,0.0,1.0,1.0,1.0,0.17049927302562715,0.17049927302562715,0.0
